Metric,Value
Training Accuracy,0.9925000071525574
Validation Accuracy,0.6924999952316284
